{"train_acc": {"0_0_1_1_False": [0.9980000257492065, 0.9980000257492065, 0.9929999709129333, 0.9909999966621399, 0.9950000047683716, 0.9990000128746033, 0.9890000224113464, 0.996999979019165, 0.9929999709129333, 0.9950000047683716], "1.0_0_1_1_False": [0.9980000257492065, 0.9980000257492065, 0.9929999709129333, 0.9909999966621399, 0.9950000047683716, 0.9990000128746033, 0.9890000224113464, 0.996999979019165, 0.9929999709129333, 0.9950000047683716], "10.0_0_1_1_False": [0.9980000257492065, 0.9980000257492065, 0.9929999709129333, 0.9909999966621399, 0.9950000047683716, 0.9990000128746033, 0.9900000095367432, 0.996999979019165, 0.9929999709129333, 0.9950000047683716], "100.0_0_1_1_False": [0.9990000128746033, 0.9980000257492065, 0.9940000176429749, 0.9919999837875366, 0.9950000047683716, 0.9990000128746033, 0.9909999966621399, 0.996999979019165, 0.9929999709129333, 0.9950000047683716], "1000.0_0_1_1_False": [1.0, 0.9990000128746033, 0.996999979019165, 0.9929999709129333, 0.9980000257492065, 1.0, 0.9940000176429749, 0.9980000257492065, 0.9940000176429749, 0.9959999918937683], "0_1.0_1_1_True": [0.968999981880188, 0.9589999914169312, 0.9729999899864197, 0.9580000042915344, 0.9750000238418579, 0.9610000252723694, 0.9700000286102295, 0.949999988079071, 0.9679999947547913, 0.968999981880188], "0_10.0_1_1_True": [0.8970000147819519, 0.8859999775886536, 0.9079999923706055, 0.902999997138977, 0.906000018119812, 0.8949999809265137, 0.8889999985694885, 0.8809999823570251, 0.8769999742507935, 0.8980000019073486], "0_100.0_1_1_True": [0.8859999775886536, 0.8799999952316284, 0.9020000100135803, 0.8949999809265137, 0.8949999809265137, 0.8899999856948853, 0.878000020980835, 0.8700000047683716, 0.8650000095367432, 0.8899999856948853], "0_1000.0_1_1_True": [0.8859999775886536, 0.8790000081062317, 0.9020000100135803, 0.8949999809265137, 0.8939999938011169, 0.8899999856948853, 0.8769999742507935, 0.8700000047683716, 0.8650000095367432, 0.8880000114440918]}, "val_acc": {"0_0_1_1_False": [0.8999999761581421, 0.8999999761581421, 0.8600000143051147, 0.8500000238418579, 0.9200000166893005, 0.9100000262260437, 0.8799999952316284, 0.8700000047683716, 0.8700000047683716, 0.8299999833106995], "1.0_0_1_1_False": [0.8999999761581421, 0.8999999761581421, 0.8600000143051147, 0.8500000238418579, 0.9200000166893005, 0.9100000262260437, 0.8799999952316284, 0.8700000047683716, 0.8700000047683716, 0.8299999833106995], "10.0_0_1_1_False": [0.8999999761581421, 0.8999999761581421, 0.8600000143051147, 0.8500000238418579, 0.9200000166893005, 0.9100000262260437, 0.8799999952316284, 0.8700000047683716, 0.8799999952316284, 0.8299999833106995], "100.0_0_1_1_False": [0.8999999761581421, 0.8999999761581421, 0.8600000143051147, 0.8500000238418579, 0.9200000166893005, 0.9100000262260437, 0.8799999952316284, 0.8700000047683716, 0.8799999952316284, 0.8299999833106995], "1000.0_0_1_1_False": [0.8899999856948853, 0.8999999761581421, 0.8500000238418579, 0.8500000238418579, 0.9200000166893005, 0.9100000262260437, 0.8999999761581421, 0.8700000047683716, 0.8899999856948853, 0.8299999833106995], "0_1.0_1_1_True": [0.8999999761581421, 0.9399999976158142, 0.8899999856948853, 0.9300000071525574, 0.9800000190734863, 0.9399999976158142, 0.9300000071525574, 0.9100000262260437, 0.949999988079071, 0.8999999761581421], "0_10.0_1_1_True": [1.0, 1.0, 0.9900000095367432, 0.9900000095367432, 1.0, 0.9800000190734863, 0.9900000095367432, 0.9900000095367432, 0.9900000095367432, 1.0], "0_100.0_1_1_True": [1.0, 1.0, 1.0, 1.0, 1.0, 1.0, 1.0, 1.0, 1.0, 1.0], "0_1000.0_1_1_True": [1.0, 1.0, 1.0, 1.0, 1.0, 1.0, 1.0, 1.0, 0.9900000095367432, 1.0]}, "test_acc": {"0_0_1_1_False": [0.8899999856948853, 0.8690000176429749, 0.8899999856948853, 0.9089999794960022, 0.8709999918937683, 0.8859999775886536, 0.8600000143051147, 0.8870000243186951, 0.8659999966621399, 0.890999972820282], "1.0_0_1_1_False": [0.8899999856948853, 0.8690000176429749, 0.8899999856948853, 0.9089999794960022, 0.8709999918937683, 0.8859999775886536, 0.8600000143051147, 0.8870000243186951, 0.8659999966621399, 0.890999972820282], "10.0_0_1_1_False": [0.8899999856948853, 0.8690000176429749, 0.8899999856948853, 0.9089999794960022, 0.8709999918937683, 0.8859999775886536, 0.8600000143051147, 0.8870000243186951, 0.8659999966621399, 0.890999972820282], "100.0_0_1_1_False": [0.8889999985694885, 0.8679999709129333, 0.8899999856948853, 0.9079999923706055, 0.8730000257492065, 0.8859999775886536, 0.8610000014305115, 0.8870000243186951, 0.8669999837875366, 0.890999972820282], "1000.0_0_1_1_False": [0.8870000243186951, 0.8640000224113464, 0.8880000114440918, 0.9039999842643738, 0.8759999871253967, 0.8859999775886536, 0.8669999837875366, 0.8870000243186951, 0.8679999709129333, 0.890999972820282], "0_1.0_1_1_True": [0.9309999942779541, 0.9319999814033508, 0.9369999766349792, 0.9449999928474426, 0.9330000281333923, 0.9350000023841858, 0.9139999747276306, 0.9350000023841858, 0.906000018119812, 0.9359999895095825], "0_10.0_1_1_True": [0.9929999709129333, 0.9940000176429749, 0.9950000047683716, 0.9950000047683716, 0.9950000047683716, 0.9940000176429749, 0.9919999837875366, 0.996999979019165, 0.9919999837875366, 0.9940000176429749], "0_100.0_1_1_True": [0.9980000257492065, 0.9990000128746033, 1.0, 0.9990000128746033, 1.0, 1.0, 0.9980000257492065, 0.9990000128746033, 1.0, 0.9990000128746033], "0_1000.0_1_1_True": [0.9980000257492065, 1.0, 1.0, 0.9990000128746033, 1.0, 1.0, 1.0, 0.9990000128746033, 1.0, 0.996999979019165]}, "weights": {"0_0_1_1_False": [], "1.0_0_1_1_False": [], "10.0_0_1_1_False": [], "100.0_0_1_1_False": [], "1000.0_0_1_1_False": [], "0_1.0_1_1_True": [], "0_10.0_1_1_True": [], "0_100.0_1_1_True": [], "0_1000.0_1_1_True": []}, "wstar": {"0_0_1_1_False": [], "1.0_0_1_1_False": [], "10.0_0_1_1_False": [], "100.0_0_1_1_False": [], "1000.0_0_1_1_False": [], "0_1.0_1_1_True": [], "0_10.0_1_1_True": [], "0_100.0_1_1_True": [], "0_1000.0_1_1_True": []}, "wdiff": {"0_0_1_1_False": [0.5610361623809436, 0.5428997945066709, 0.4401421096779419, 0.5238227941337049, 0.5233477139471718, 0.5428190693777443, 0.5936979848208231, 0.5334622489044154, 0.5827656699270379, 0.5414019826618034], "1.0_0_1_1_False": [0.5608855300527968, 0.542722053748901, 0.44003233370875033, 0.5236533901748144, 0.5231535304810303, 0.5426170828875203, 0.593422574795849, 0.5332463439659225, 0.5825215850188048, 0.5411580475481719], "10.0_0_1_1_False": [0.5595578205023484, 0.5411532963487756, 0.4390699333762007, 0.5221594368208657, 0.5214423750261891, 0.5408270616450268, 0.5909760151143975, 0.5313411337208035, 0.5803525338614648, 0.5390010516621464], "100.0_0_1_1_False": [0.5485343805865907, 0.5280785055971505, 0.43188198128096483, 0.5098768035243992, 0.5073689848520074, 0.5257226003479101, 0.5698198243295629, 0.5155400952098367, 0.56159344373506, 0.5207236210241912], "1000.0_0_1_1_False": [0.5404154217957289, 0.5155599019411156, 0.4582386377133168, 0.5038409465527419, 0.5025214970496583, 0.504166550436928, 0.5196508724626558, 0.5025734222215542, 0.5175458316858131, 0.4921171918956547], "0_1.0_1_1_True": [0.39063923529811073, 0.364038541876536, 0.2660376118077694, 0.3509925256683037, 0.35332555157705675, 0.37771769155705953, 0.4204362880611509, 0.3566915558340443, 0.40864871750653725, 0.35669720154633044], "0_10.0_1_1_True": [0.15626394993751547, 0.1620852266197121, 0.16184576419155144, 0.18238428217197866, 0.11161746059518925, 0.17187851403326673, 0.16508010139578544, 0.1557470916719274, 0.1641745523841419, 0.1825791585675623], "0_100.0_1_1_True": [0.1950950125877999, 0.21461618147413633, 0.22895470747928484, 0.22508434084496606, 0.19150322098629088, 0.23005636627679144, 0.2175823212652402, 0.21613221454098738, 0.2203624127381456, 0.26672232555016984], "0_1000.0_1_1_True": [0.19945088036161554, 0.21995496786569968, 0.23421438524711297, 0.22925695791606499, 0.19873665062990012, 0.23614301854470274, 0.22359766173236822, 0.2221053443586751, 0.22659948262170257, 0.2750639610938417]}}