{"train_acc": {"0_0_1_1_False": [1.0, 0.9970000386238098, 0.9980000257492065, 0.9950000643730164, 1.0, 1.0, 0.9960000514984131, 0.9980000257492065, 0.9960000514984131, 0.9960000514984131], "1.0_0_1_1_False": [1.0, 0.9970000386238098, 0.9980000257492065, 0.9950000643730164, 1.0, 1.0, 0.9960000514984131, 0.9980000257492065, 0.9960000514984131, 0.9960000514984131], "10.0_0_1_1_False": [1.0, 0.9970000386238098, 0.9980000257492065, 0.9950000643730164, 1.0, 1.0, 0.9960000514984131, 0.9980000257492065, 0.9960000514984131, 0.9960000514984131], "100.0_0_1_1_False": [1.0, 0.9970000386238098, 0.9980000257492065, 0.9950000643730164, 1.0, 1.0, 0.9960000514984131, 0.9980000257492065, 0.9960000514984131, 0.9960000514984131], "1000.0_0_1_1_False": [1.0, 0.9970000386238098, 0.9980000257492065, 0.9950000643730164, 1.0, 1.0, 0.9960000514984131, 0.9980000257492065, 0.9960000514984131, 0.9960000514984131], "0_1.0_1_1_True": [0.9980000257492065, 0.9980000257492065, 0.9950000643730164, 0.9930000305175781, 1.0, 0.999000072479248, 1.0, 0.9960000514984131, 0.9980000257492065, 0.999000072479248], "0_10.0_1_1_True": [0.9800000190734863, 0.9760000705718994, 0.9830000400543213, 0.9760000705718994, 0.9820000529289246, 0.968000054359436, 0.971000075340271, 0.9630000591278076, 0.9750000238418579, 0.9760000705718994], "0_100.0_1_1_True": [0.9140000343322754, 0.9020000696182251, 0.9180000424385071, 0.9130000472068787, 0.909000039100647, 0.906000018119812, 0.9000000357627869, 0.8950000405311584, 0.8880000710487366, 0.9080000519752502], "0_1000.0_1_1_True": [0.8870000243186951, 0.8810000419616699, 0.9030000567436218, 0.8970000147819519, 0.8970000147819519, 0.8910000324249268, 0.8800000548362732, 0.8730000257492065, 0.8690000176429749, 0.8910000324249268]}, "val_acc": {"0_0_1_1_False": [0.8899999856948853, 0.8899999856948853, 0.8499999642372131, 0.8499999642372131, 0.9300000071525574, 0.9099999666213989, 0.8999999761581421, 0.8700000047683716, 0.8899999856948853, 0.8299999833106995], "1.0_0_1_1_False": [0.8899999856948853, 0.8899999856948853, 0.8499999642372131, 0.8499999642372131, 0.9300000071525574, 0.9099999666213989, 0.8999999761581421, 0.8700000047683716, 0.8899999856948853, 0.8299999833106995], "10.0_0_1_1_False": [0.8899999856948853, 0.8899999856948853, 0.8499999642372131, 0.8499999642372131, 0.9300000071525574, 0.9099999666213989, 0.8999999761581421, 0.8700000047683716, 0.8899999856948853, 0.8299999833106995], "100.0_0_1_1_False": [0.8899999856948853, 0.8899999856948853, 0.8499999642372131, 0.8499999642372131, 0.9300000071525574, 0.9099999666213989, 0.8999999761581421, 0.8700000047683716, 0.8899999856948853, 0.8299999833106995], "1000.0_0_1_1_False": [0.8899999856948853, 0.8899999856948853, 0.8499999642372131, 0.8499999642372131, 0.9300000071525574, 0.9099999666213989, 0.8999999761581421, 0.8700000047683716, 0.8899999856948853, 0.8299999833106995], "0_1.0_1_1_True": [0.8999999761581421, 0.8999999761581421, 0.85999995470047, 0.8499999642372131, 0.9300000071525574, 0.9099999666213989, 0.8999999761581421, 0.8799999952316284, 0.8899999856948853, 0.8399999737739563], "0_10.0_1_1_True": [0.8999999761581421, 0.9199999570846558, 0.8700000047683716, 0.9099999666213989, 0.9599999785423279, 0.9399999976158142, 0.9300000071525574, 0.8899999856948853, 0.949999988079071, 0.8899999856948853], "0_100.0_1_1_True": [1.0, 1.0, 0.9699999690055847, 0.9799999594688416, 0.9899999499320984, 0.9799999594688416, 0.9899999499320984, 0.9699999690055847, 0.9799999594688416, 0.9899999499320984], "0_1000.0_1_1_True": [1.0, 1.0, 1.0, 1.0, 1.0, 0.9899999499320984, 1.0, 1.0, 1.0, 1.0]}, "test_acc": {"0_0_1_1_False": [0.8870000243186951, 0.8630000352859497, 0.8850000500679016, 0.9020000696182251, 0.8770000338554382, 0.8860000371932983, 0.8680000305175781, 0.8870000243186951, 0.8700000643730164, 0.8920000195503235], "1.0_0_1_1_False": [0.8870000243186951, 0.8630000352859497, 0.8850000500679016, 0.9020000696182251, 0.8770000338554382, 0.8860000371932983, 0.8680000305175781, 0.8870000243186951, 0.8700000643730164, 0.8920000195503235], "10.0_0_1_1_False": [0.8870000243186951, 0.8630000352859497, 0.8850000500679016, 0.9020000696182251, 0.8770000338554382, 0.8860000371932983, 0.8680000305175781, 0.8870000243186951, 0.8700000643730164, 0.8920000195503235], "100.0_0_1_1_False": [0.8870000243186951, 0.8630000352859497, 0.8850000500679016, 0.9020000696182251, 0.8770000338554382, 0.8860000371932983, 0.8680000305175781, 0.8870000243186951, 0.8700000643730164, 0.8920000195503235], "1000.0_0_1_1_False": [0.8860000371932983, 0.8630000352859497, 0.8850000500679016, 0.9020000696182251, 0.8770000338554382, 0.8860000371932983, 0.8680000305175781, 0.8870000243186951, 0.8700000643730164, 0.8920000195503235], "0_1.0_1_1_True": [0.8890000581741333, 0.8700000643730164, 0.8890000581741333, 0.9070000648498535, 0.8810000419616699, 0.8870000243186951, 0.8760000467300415, 0.89000004529953, 0.8710000514984131, 0.8990000486373901], "0_10.0_1_1_True": [0.9180000424385071, 0.9140000343322754, 0.9160000681877136, 0.9340000152587891, 0.9230000376701355, 0.921000063419342, 0.909000039100647, 0.9230000376701355, 0.8990000486373901, 0.9230000376701355], "0_100.0_1_1_True": [0.9860000610351562, 0.9910000562667847, 0.9850000739097595, 0.9880000352859497, 0.9890000224113464, 0.9850000739097595, 0.9850000739097595, 0.9910000562667847, 0.9820000529289246, 0.9900000691413879], "0_1000.0_1_1_True": [0.9960000514984131, 0.9980000257492065, 0.9980000257492065, 0.9960000514984131, 0.999000072479248, 1.0, 0.9980000257492065, 1.0, 1.0, 0.999000072479248]}, "weights": {"0_0_1_1_False": [], "1.0_0_1_1_False": [], "10.0_0_1_1_False": [], "100.0_0_1_1_False": [], "1000.0_0_1_1_False": [], "0_1.0_1_1_True": [], "0_10.0_1_1_True": [], "0_100.0_1_1_True": [], "0_1000.0_1_1_True": []}, "wstar": {"0_0_1_1_False": [], "1.0_0_1_1_False": [], "10.0_0_1_1_False": [], "100.0_0_1_1_False": [], "1000.0_0_1_1_False": [], "0_1.0_1_1_True": [], "0_10.0_1_1_True": [], "0_100.0_1_1_True": [], "0_1000.0_1_1_True": []}, "wdiff": {"0_0_1_1_False": [0.569326422107236, 0.5460687635523408, 0.5053112397702576, 0.5380272184530964, 0.5408126018067808, 0.5326822795719999, 0.5394165980565818, 0.5392772886527069, 0.5362476978894524, 0.5232290223070101], "1.0_0_1_1_False": [0.5693442299924045, 0.5460868450984923, 0.5053366700319106, 0.5380459330098455, 0.5408364219939054, 0.5327001903218367, 0.5394331779055535, 0.5392982836979792, 0.5362630212739331, 0.5232486912144733], "10.0_0_1_1_False": [0.5695035369446745, 0.5462509644472652, 0.5055647633321163, 0.5382154737852752, 0.541048973632511, 0.5328583389246128, 0.5395777152597673, 0.5394861882141236, 0.5364007935793893, 0.5234229796812412], "100.0_0_1_1_False": [0.5710964447398109, 0.5478885233806645, 0.50783367072868, 0.5399078949677035, 0.5431689727159675, 0.5344385262152411, 0.541024859784613, 0.5413598790254482, 0.5377814827179885, 0.525167245282385], "1000.0_0_1_1_False": [0.5866345363200216, 0.5637779549954244, 0.5292526419645562, 0.5562902169464661, 0.5632467679979107, 0.5498607544807501, 0.5553308978392641, 0.5592622480384782, 0.5515231206669605, 0.5420614895680225], "0_1.0_1_1_True": [0.5654420840159993, 0.542283492533849, 0.5024303122643051, 0.5342269586226253, 0.5381503420212235, 0.5291930018509927, 0.5356575112342927, 0.5360983430683577, 0.5322948652696474, 0.5198760704814335], "0_10.0_1_1_True": [0.5402151384333925, 0.5184389049235412, 0.48565046169151016, 0.5104976398118823, 0.5207933153415105, 0.506464907632208, 0.5100282319741999, 0.5158827360911602, 0.5058724481074302, 0.49901066011945355], "0_100.0_1_1_True": [0.4946254393332609, 0.48006363768769467, 0.4625519856525225, 0.46975157946178575, 0.49619148987163764, 0.4668599784516879, 0.46887593624748264, 0.48461932050937717, 0.46385845591389935, 0.4709458202870681],