{"train_acc": {"0_0_1_1_False": [1.0, 1.0, 1.0, 0.99303138256073, 0.998171865940094, 0.9964788556098938, 0.9964850544929504, 0.9981343150138855, 0.9981516003608704, 0.9929077625274658], "1.0_0_1_1_False": [1.0, 1.0, 1.0, 0.99303138256073, 0.998171865940094, 0.9964788556098938, 0.9964850544929504, 0.9981343150138855, 0.9981516003608704, 0.9929077625274658], "10.0_0_1_1_False": [1.0, 1.0, 1.0, 0.99303138256073, 0.998171865940094, 0.9964788556098938, 0.9964850544929504, 0.9981343150138855, 0.9981516003608704, 0.9929077625274658], "100.0_0_1_1_False": [1.0, 1.0, 1.0, 0.99303138256073, 1.0, 0.9964788556098938, 0.9964850544929504, 0.9981343150138855, 0.9981516003608704, 0.9929077625274658], "1000.0_0_1_1_False": [1.0, 1.0, 1.0, 0.99303138256073, 1.0, 0.9964788556098938, 0.9964850544929504, 0.9981343150138855, 0.9981516003608704, 0.9929077625274658], "0_1.0_1_1_True": [1.0, 0.9981167316436768, 0.9981308579444885, 0.9912891983985901, 1.0, 0.9911971688270569, 1.0, 1.0, 0.9981516003608704, 0.9946808218955994], "0_10.0_1_1_True": [0.9794392585754395, 0.9717513918876648, 0.9850467443466187, 0.9843205809593201, 0.9780622124671936, 0.9683098196983337, 0.9648506045341492, 0.9757462739944458, 0.9778188467025757, 0.9751772880554199], "0_100.0_1_1_True": [0.9102804064750671, 0.9001883268356323, 0.9046729207038879, 0.9163762927055359, 0.9159049391746521, 0.9119718074798584, 0.8998242616653442, 0.8899253606796265, 0.8835489749908447, 0.8953900337219238], "0_1000.0_1_1_True": [0.8803738355636597, 0.8738229870796204, 0.8897196650505066, 0.8989546895027161, 0.9012797474861145, 0.8978872895240784, 0.8752197027206421, 0.8675373196601868, 0.8669131398200989, 0.8776595592498779]}, "val_acc": {"0_0_1_1_False": [0.8899999856948853, 0.8899999856948853, 0.8499999642372131, 0.8499999642372131, 0.9300000071525574, 0.9099999666213989, 0.8999999761581421, 0.8399999737739563, 0.8799999952316284, 0.8299999833106995], "1.0_0_1_1_False": [0.8899999856948853, 0.8899999856948853, 0.8499999642372131, 0.8499999642372131, 0.9300000071525574, 0.9099999666213989, 0.8999999761581421, 0.8399999737739563, 0.8799999952316284, 0.8299999833106995], "10.0_0_1_1_False": [0.8899999856948853, 0.8899999856948853, 0.8499999642372131, 0.8499999642372131, 0.9300000071525574, 0.9099999666213989, 0.8999999761581421, 0.8399999737739563, 0.8799999952316284, 0.8299999833106995], "100.0_0_1_1_False": [0.8899999856948853, 0.8899999856948853, 0.8499999642372131, 0.8499999642372131, 0.9300000071525574, 0.9099999666213989, 0.8999999761581421, 0.8399999737739563, 0.8799999952316284, 0.8299999833106995], "1000.0_0_1_1_False": [0.8899999856948853, 0.8899999856948853, 0.8499999642372131, 0.8499999642372131, 0.9300000071525574, 0.9099999666213989, 0.8999999761581421, 0.8399999737739563, 0.8799999952316284, 0.8299999833106995], "0_1.0_1_1_True": [0.8899999856948853, 0.8999999761581421, 0.8499999642372131, 0.8499999642372131, 0.9300000071525574, 0.9099999666213989, 0.9099999666213989, 0.8399999737739563, 0.8899999856948853, 0.8299999833106995], "0_10.0_1_1_True": [0.8999999761581421, 0.9199999570846558, 0.8700000047683716, 0.9099999666213989, 0.9599999785423279, 0.9399999976158142, 0.9300000071525574, 0.8899999856948853, 0.949999988079071, 0.8799999952316284], "0_100.0_1_1_True": [1.0, 1.0, 0.9699999690055847, 0.9799999594688416, 0.9899999499320984, 0.9799999594688416, 0.9899999499320984, 0.9699999690055847, 0.9799999594688416, 0.9899999499320984], "0_1000.0_1_1_True": [1.0, 1.0, 1.0, 1.0, 1.0, 0.9899999499320984, 1.0, 1.0, 1.0, 1.0]}, "test_acc": {"0_0_1_1_False": [0.8840000629425049, 0.8630000352859497, 0.8830000162124634, 0.9020000696182251, 0.8770000338554382, 0.8880000710487366, 0.8720000386238098, 0.8800000548362732, 0.8670000433921814, 0.8890000581741333], "1.0_0_1_1_False": [0.8840000629425049, 0.8630000352859497, 0.8830000162124634, 0.9020000696182251, 0.8770000338554382, 0.8880000710487366, 0.8720000386238098, 0.8800000548362732, 0.8670000433921814, 0.8890000581741333], "10.0_0_1_1_False": [0.8840000629425049, 0.8630000352859497, 0.8830000162124634, 0.9020000696182251, 0.8770000338554382, 0.8880000710487366, 0.8720000386238098, 0.8800000548362732, 0.8670000433921814, 0.8890000581741333], "100.0_0_1_1_False": [0.8840000629425049, 0.8630000352859497, 0.8830000162124634, 0.9020000696182251, 0.8770000338554382, 0.8880000710487366, 0.8720000386238098, 0.8800000548362732, 0.8670000433921814, 0.8890000581741333], "1000.0_0_1_1_False": [0.8840000629425049, 0.862000048160553, 0.8830000162124634, 0.9020000696182251, 0.8770000338554382, 0.8880000710487366, 0.8720000386238098, 0.8800000548362732, 0.8670000433921814, 0.8890000581741333], "0_1.0_1_1_True": [0.8890000581741333, 0.8700000643730164, 0.8840000629425049, 0.9070000648498535, 0.8810000419616699, 0.893000066280365, 0.8770000338554382, 0.8830000162124634, 0.8710000514984131, 0.8920000195503235], "0_10.0_1_1_True": [0.9150000214576721, 0.9140000343322754, 0.9070000648498535, 0.9340000152587891, 0.9230000376701355, 0.9240000247955322, 0.909000039100647, 0.9140000343322754, 0.8990000486373901, 0.9230000376701355], "0_100.0_1_1_True": [0.9860000610351562, 0.9910000562667847, 0.9800000190734863, 0.9880000352859497, 0.9890000224113464, 0.9850000739097595, 0.9850000739097595, 0.9900000691413879, 0.9810000658035278, 0.9900000691413879], "0_1000.0_1_1_True": [0.9960000514984131, 0.9980000257492065, 0.9980000257492065, 0.9960000514984131, 0.999000072479248, 1.0, 0.9980000257492065, 1.0, 0.999000072479248, 0.999000072479248]}, "weights": {"0_0_1_1_False": [], "1.0_0_1_1_False": [], "10.0_0_1_1_False": [], "100.0_0_1_1_False": [], "1000.0_0_1_1_False": [], "0_1.0_1_1_True": [], "0_10.0_1_1_True": [], "0_100.0_1_1_True": [], "0_1000.0_1_1_True": []}, "wstar": {"0_0_1_1_False": [], "1.0_0_1_1_False": [], "10.0_0_1_1_False": [], "100.0_0_1_1_False": [], "1000.0_0_1_1_False": [], "0_1.0_1_1_True": [], "0_10.0_1_1_True": [], "0_100.0_1_1_True": [], "0_1000.0_1_1_True": []}}