{"train_acc": {"0_0_1_1_False": [1.0, 0.996999979019165, 0.9980000257492065, 0.9950000047683716, 1.0, 1.0, 0.9959999918937683, 0.9980000257492065, 0.9959999918937683, 0.9959999918937683], "1.0_0_1_1_False": [1.0, 0.996999979019165, 0.9980000257492065, 0.9950000047683716, 1.0, 1.0, 0.9959999918937683, 0.9980000257492065, 0.9959999918937683, 0.9959999918937683], "10.0_0_1_1_False": [1.0, 0.996999979019165, 0.9980000257492065, 0.9950000047683716, 1.0, 1.0, 0.9959999918937683, 0.9980000257492065, 0.9959999918937683, 0.9959999918937683], "100.0_0_1_1_False": [1.0, 0.996999979019165, 0.9980000257492065, 0.9950000047683716, 1.0, 1.0, 0.9959999918937683, 0.9980000257492065, 0.9959999918937683, 0.9959999918937683], "1000.0_0_1_1_False": [1.0, 0.996999979019165, 0.9980000257492065, 0.9950000047683716, 1.0, 1.0, 0.9959999918937683, 0.9980000257492065, 0.9959999918937683, 0.9959999918937683], "0_1.0_1_1_True": [0.9980000257492065, 0.9980000257492065, 0.9950000047683716, 0.9929999709129333, 1.0, 0.9990000128746033, 1.0, 0.9959999918937683, 0.9980000257492065, 0.9990000128746033], "0_10.0_1_1_True": [0.9800000190734863, 0.9760000109672546, 0.9829999804496765, 0.9760000109672546, 0.9819999933242798, 0.9679999947547913, 0.9710000157356262, 0.9629999995231628, 0.9750000238418579, 0.9760000109672546], "0_100.0_1_1_True": [0.9139999747276306, 0.9020000100135803, 0.9179999828338623, 0.9129999876022339, 0.9089999794960022, 0.906000018119812, 0.8999999761581421, 0.8949999809265137, 0.8880000114440918, 0.9079999923706055], "0_1000.0_1_1_True": [0.8870000243186951, 0.8809999823570251, 0.902999997138977, 0.8970000147819519, 0.8970000147819519, 0.890999972820282, 0.8799999952316284, 0.8730000257492065, 0.8690000176429749, 0.890999972820282]}, "val_acc": {"0_0_1_1_False": [0.8899999856948853, 0.8899999856948853, 0.8500000238418579, 0.8500000238418579, 0.9300000071525574, 0.9100000262260437, 0.8999999761581421, 0.8700000047683716, 0.8899999856948853, 0.8299999833106995], "1.0_0_1_1_False": [0.8899999856948853, 0.8899999856948853, 0.8500000238418579, 0.8500000238418579, 0.9300000071525574, 0.9100000262260437, 0.8999999761581421, 0.8700000047683716, 0.8899999856948853, 0.8299999833106995], "10.0_0_1_1_False": [0.8899999856948853, 0.8899999856948853, 0.8500000238418579, 0.8500000238418579, 0.9300000071525574, 0.9100000262260437, 0.8999999761581421, 0.8700000047683716, 0.8899999856948853, 0.8299999833106995], "100.0_0_1_1_False": [0.8899999856948853, 0.8899999856948853, 0.8500000238418579, 0.8500000238418579, 0.9300000071525574, 0.9100000262260437, 0.8999999761581421, 0.8700000047683716, 0.8899999856948853, 0.8299999833106995], "1000.0_0_1_1_False": [0.8899999856948853, 0.8899999856948853, 0.8500000238418579, 0.8500000238418579, 0.9300000071525574, 0.9100000262260437, 0.8999999761581421, 0.8700000047683716, 0.8899999856948853, 0.8299999833106995], "0_1.0_1_1_True": [0.8999999761581421, 0.8999999761581421, 0.8600000143051147, 0.8500000238418579, 0.9300000071525574, 0.9100000262260437, 0.8999999761581421, 0.8799999952316284, 0.8899999856948853, 0.8399999737739563], "0_10.0_1_1_True": [0.8999999761581421, 0.9200000166893005, 0.8700000047683716, 0.9100000262260437, 0.9599999785423279, 0.9399999976158142, 0.9300000071525574, 0.8899999856948853, 0.949999988079071, 0.8899999856948853], "0_100.0_1_1_True": [1.0, 1.0, 0.9700000286102295, 0.9800000190734863, 0.9900000095367432, 0.9800000190734863, 0.9900000095367432, 0.9700000286102295, 0.9800000190734863, 0.9900000095367432], "0_1000.0_1_1_True": [1.0, 1.0, 1.0, 1.0, 1.0, 0.9900000095367432, 1.0, 1.0, 1.0, 1.0]}, "test_acc": {"0_0_1_1_False": [0.8870000243186951, 0.8629999756813049, 0.8849999904632568, 0.9020000100135803, 0.8769999742507935, 0.8859999775886536, 0.8679999709129333, 0.8870000243186951, 0.8700000047683716, 0.8920000195503235], "1.0_0_1_1_False": [0.8870000243186951, 0.8629999756813049, 0.8849999904632568, 0.9020000100135803, 0.8769999742507935, 0.8859999775886536, 0.8679999709129333, 0.8870000243186951, 0.8700000047683716, 0.8920000195503235], "10.0_0_1_1_False": [0.8870000243186951, 0.8629999756813049, 0.8849999904632568, 0.9020000100135803, 0.8769999742507935, 0.8859999775886536, 0.8679999709129333, 0.8870000243186951, 0.8700000047683716, 0.8920000195503235], "100.0_0_1_1_False": [0.8870000243186951, 0.8629999756813049, 0.8849999904632568, 0.9020000100135803, 0.8769999742507935, 0.8859999775886536, 0.8679999709129333, 0.8870000243186951, 0.8700000047683716, 0.8920000195503235], "1000.0_0_1_1_False": [0.8859999775886536, 0.8629999756813049, 0.8849999904632568, 0.9020000100135803, 0.8769999742507935, 0.8859999775886536, 0.8679999709129333, 0.8870000243186951, 0.8700000047683716, 0.8920000195503235], "0_1.0_1_1_True": [0.8889999985694885, 0.8700000047683716, 0.8889999985694885, 0.9070000052452087, 0.8809999823570251, 0.8870000243186951, 0.8759999871253967, 0.8899999856948853, 0.8709999918937683, 0.8989999890327454], "0_10.0_1_1_True": [0.9179999828338623, 0.9139999747276306, 0.9160000085830688, 0.9340000152587891, 0.9229999780654907, 0.9210000038146973, 0.9089999794960022, 0.9229999780654907, 0.8989999890327454, 0.9229999780654907], "0_100.0_1_1_True": [0.9860000014305115, 0.9909999966621399, 0.9850000143051147, 0.9879999756813049, 0.9890000224113464, 0.9850000143051147, 0.9850000143051147, 0.9909999966621399, 0.9819999933242798, 0.9900000095367432], "0_1000.0_1_1_True": [0.9959999918937683, 0.9980000257492065, 0.9980000257492065, 0.9959999918937683, 0.9990000128746033, 1.0, 0.9980000257492065, 1.0, 1.0, 0.9990000128746033]}, "weights": {"0_0_1_1_False": [], "1.0_0_1_1_False": [], "10.0_0_1_1_False": [], "100.0_0_1_1_False": [], "1000.0_0_1_1_False": [], "0_1.0_1_1_True": [], "0_10.0_1_1_True": [], "0_100.0_1_1_True": [], "0_1000.0_1_1_True": []}, "wstar": {"0_0_1_1_False": [], "1.0_0_1_1_False": [], "10.0_0_1_1_False": [], "100.0_0_1_1_False": [], "1000.0_0_1_1_False": [], "0_1.0_1_1_True": [], "0_10.0_1_1_True": [], "0_100.0_1_1_True": [], "0_1000.0_1_1_True": []}, "wdiff": {"0_0_1_1_False": [0.569326445344138, 0.5460687754428777, 0.5053112397702578, 0.538027237236266, 0.5408126018067818, 0.5326822795719999, 0.5394166190205856, 0.5392773007982261, 0.5362476884342136, 0.5232290100851147], "1.0_0_1_1_False": [0.5693442416116679, 0.5460868569898178, 0.5053366571992598, 0.538045935189161, 0.5408364219939064, 0.5327001903218367, 0.5394331894607559, 0.5392983044763271, 0.536263011819756, 0.5232486582455768], "10.0_0_1_1_False": [0.5695035485712322, 0.546250955476624, 0.5055647429295829, 0.5382154737852753, 0.541048973632512, 0.5328583389246128, 0.5395777152597675, 0.5394861917444175, 0.5364007841347505, 0.5234229589380835], "100.0_0_1_1_False": [0.5710964330418163, 0.5478885233806651, 0.5078336707286802, 0.5399079042576463, 0.5431689727159685, 0.5344385471128323, 0.5410248597846132, 0.5413598704957738, 0.5377814711155985, 0.5251672452823853], "1000.0_0_1_1_False": [0.5866345363200216, 0.5637779630560387, 0.5292526419645565, 0.5562902291965213, 0.5632467679979117, 0.549860725547056, 0.5553308855829896, 0.5592622441805203, 0.5515231243839698, 0.5420615099606524], "0_1.0_1_1_True": [0.5654420697811694, 0.5422834956997232, 0.5024303122643053, 0.5342269469465872, 0.5381503494925914, 0.5291929900204329, 0.535657511234293, 0.5360983430683581, 0.5322948536323479, 0.5198760788317646], "0_10.0_1_1_True": [0.5402151219868242, 0.5184388972101087, 0.4856504419936076, 0.5104976647026206, 0.5207933215683461, 0.506464899623636, 0.5100282194901078, 0.515882732419448, 0.5058724521826575, 0.4990106627374182], "0_100.0_1_1_True": [0.49462544903506156, 0.4800636407104589, 0.4625519536114367, 0.4697515753251733, 0.49619149212750163, 0.4668599880548941, 0.4688759407787728, 0.48461930407023873, 0.4638584571963438, 0.47094583195080647],